--TBL_BATCH_BILLER_PAYMENT_CONFIG
insert into TBL_BATCH_BILLER_PAYMENT_CONFIG (ID, BILLER_CODE, TEMPLATE_NAME,FTP_FOLDER, FILE_NAME_FORMAT, REPORT_UNIT_URI,STATUS,IS_REQUIRED_TO_EXECUTE, CREATED_TIME, CREATED_BY, UPDATED_TIME, UPDATED_BY, IBK_FTP_FOLDER) values (( select max(id)+1 ID from TBL_BATCH_BILLER_PAYMENT_CONFIG),5014,'Standard_01','DCP_BPF_5014_ZURICH_FROM','5014${yyyyMMdd}.txt','/reports/DEV/Financial/DMBUD999/daily_successful_bill','A',0, now(),'admin', now(),'admin','BPF_FROM/5014/');
insert into TBL_BATCH_BILLER_PAYMENT_CONFIG (ID, BILLER_CODE, TEMPLATE_NAME,FTP_FOLDER, FILE_NAME_FORMAT, REPORT_UNIT_URI,STATUS,IS_REQUIRED_TO_EXECUTE, CREATED_TIME, CREATED_BY, UPDATED_TIME, UPDATED_BY, IBK_FTP_FOLDER) values (( select max(id)+1 ID from TBL_BATCH_BILLER_PAYMENT_CONFIG),5033,'Standard_01','DCP_BPF_5033_PPZAKAT_FROM','5033${yyyyMMdd}.txt','/reports/DEV/Financial/DMBUD999/daily_successful_bill','A',0, now(),'admin', now(),'admin','BPF_FROM/5033/');
insert into TBL_BATCH_BILLER_PAYMENT_CONFIG (ID, BILLER_CODE, TEMPLATE_NAME,FTP_FOLDER, FILE_NAME_FORMAT, REPORT_UNIT_URI,STATUS,IS_REQUIRED_TO_EXECUTE, CREATED_TIME, CREATED_BY, UPDATED_TIME, UPDATED_BY, IBK_FTP_FOLDER) values (( select max(id)+1 ID from TBL_BATCH_BILLER_PAYMENT_CONFIG),5149,'Standard_01','DCP_BPF_5149_PejTaGalSel_FROM','5149${yyyyMMdd}.txt','/reports/DEV/Financial/DMBUD999/daily_successful_bill','A',0, now(),'admin', now(),'admin','BPF_FROM/5149/');
insert into TBL_BATCH_BILLER_PAYMENT_CONFIG (ID, BILLER_CODE, TEMPLATE_NAME,FTP_FOLDER, FILE_NAME_FORMAT, REPORT_UNIT_URI,STATUS,IS_REQUIRED_TO_EXECUTE, CREATED_TIME, CREATED_BY, UPDATED_TIME, UPDATED_BY, IBK_FTP_FOLDER) values (( select max(id)+1 ID from TBL_BATCH_BILLER_PAYMENT_CONFIG),5153,'Standard_01','DCP_BPF_5153_PZMAINJOHOR_FROM','5153${yyyyMMdd}.txt','/reports/DEV/Financial/DMBUD999/daily_successful_bill','A',0, now(),'admin', now(),'admin','BPF_FROM/5153/');
insert into TBL_BATCH_BILLER_PAYMENT_CONFIG (ID, BILLER_CODE, TEMPLATE_NAME,FTP_FOLDER, FILE_NAME_FORMAT, REPORT_UNIT_URI,STATUS,IS_REQUIRED_TO_EXECUTE, CREATED_TIME, CREATED_BY, UPDATED_TIME, UPDATED_BY, IBK_FTP_FOLDER) values (( select max(id)+1 ID from TBL_BATCH_BILLER_PAYMENT_CONFIG),5242,'Standard_01','DCP_BPF_5242_PPTGWPKL_FROM','5242${yyyyMMdd}.txt','/reports/DEV/Financial/DMBUD999/daily_successful_bill','A',0, now(),'admin', now(),'admin','BPF_FROM/5242/');
insert into TBL_BATCH_BILLER_PAYMENT_CONFIG (ID, BILLER_CODE, TEMPLATE_NAME,FTP_FOLDER, FILE_NAME_FORMAT, REPORT_UNIT_URI,STATUS,IS_REQUIRED_TO_EXECUTE, CREATED_TIME, CREATED_BY, UPDATED_TIME, UPDATED_BY, IBK_FTP_FOLDER) values (( select max(id)+1 ID from TBL_BATCH_BILLER_PAYMENT_CONFIG),5148,'Standard_01','DCP_BPF_5148_MIA_FROM','5148${yyyyMMdd}.txt','/reports/DEV/Financial/DMBUD999/daily_successful_bill','A',0, now(),'admin', now(),'admin','BPF_FROM/5148/');
insert into TBL_BATCH_BILLER_PAYMENT_CONFIG (ID, BILLER_CODE, TEMPLATE_NAME,FTP_FOLDER, FILE_NAME_FORMAT, REPORT_UNIT_URI,STATUS,IS_REQUIRED_TO_EXECUTE, CREATED_TIME, CREATED_BY, UPDATED_TIME, UPDATED_BY, IBK_FTP_FOLDER) values (( select max(id)+1 ID from TBL_BATCH_BILLER_PAYMENT_CONFIG),5270,'Standard_01','DCP_BPF_5270_MPSEPANG_FROM','5270${yyyyMMdd}.txt','/reports/DEV/Financial/DMBUD999/daily_successful_bill','A',0, now(),'admin', now(),'admin','BPF_FROM/5270/');
insert into TBL_BATCH_BILLER_PAYMENT_CONFIG (ID, BILLER_CODE, TEMPLATE_NAME,FTP_FOLDER, FILE_NAME_FORMAT, REPORT_UNIT_URI,STATUS,IS_REQUIRED_TO_EXECUTE, CREATED_TIME, CREATED_BY, UPDATED_TIME, UPDATED_BY, IBK_FTP_FOLDER) values (( select max(id)+1 ID from TBL_BATCH_BILLER_PAYMENT_CONFIG),5002,'Standard_01','DCP_BPF_5002_ETIQA_FROM','5002${yyyyMMdd}.txt','/reports/DEV/Financial/DMBUD999/daily_successful_bill','A',0, now(),'admin', now(),'admin','BPF_FROM/5002/');
insert into TBL_BATCH_BILLER_PAYMENT_CONFIG (ID, BILLER_CODE, TEMPLATE_NAME,FTP_FOLDER, FILE_NAME_FORMAT, REPORT_UNIT_URI,STATUS,IS_REQUIRED_TO_EXECUTE, CREATED_TIME, CREATED_BY, UPDATED_TIME, UPDATED_BY, IBK_FTP_FOLDER) values (( select max(id)+1 ID from TBL_BATCH_BILLER_PAYMENT_CONFIG),5030,'Standard_01','DCP_BPF_5030_MPSELAYANG_FROM','5030${yyyyMMdd}.txt','/reports/DEV/Financial/DMBUD999/daily_successful_bill','A',0, now(),'admin', now(),'admin','BPF_FROM/5030/');
insert into TBL_BATCH_BILLER_PAYMENT_CONFIG (ID, BILLER_CODE, TEMPLATE_NAME,FTP_FOLDER, FILE_NAME_FORMAT, REPORT_UNIT_URI,STATUS,IS_REQUIRED_TO_EXECUTE, CREATED_TIME, CREATED_BY, UPDATED_TIME, UPDATED_BY, IBK_FTP_FOLDER) values (( select max(id)+1 ID from TBL_BATCH_BILLER_PAYMENT_CONFIG),5359,'Standard_01','DCP_BPF_5359_TEKUNIND_FROM','5359${yyyyMMdd}.txt','/reports/DEV/Financial/DMBUD999/daily_successful_bill','A',0, now(),'admin', now(),'admin','BPF_FROM/5359/');
insert into TBL_BATCH_BILLER_PAYMENT_CONFIG (ID, BILLER_CODE, TEMPLATE_NAME,FTP_FOLDER, FILE_NAME_FORMAT, REPORT_UNIT_URI,STATUS,IS_REQUIRED_TO_EXECUTE, CREATED_TIME, CREATED_BY, UPDATED_TIME, UPDATED_BY, IBK_FTP_FOLDER) values (( select max(id)+1 ID from TBL_BATCH_BILLER_PAYMENT_CONFIG),5176,'Standard_01','DCP_BPF_5176_TAKAFULIKH_FROM','5176${yyyyMMdd}.txt','/reports/DEV/Financial/DMBUD999/daily_successful_bill','A',0, now(),'admin', now(),'admin','BPF_FROM/5176/');
insert into TBL_BATCH_BILLER_PAYMENT_CONFIG (ID, BILLER_CODE, TEMPLATE_NAME,FTP_FOLDER, FILE_NAME_FORMAT, REPORT_UNIT_URI,STATUS,IS_REQUIRED_TO_EXECUTE, CREATED_TIME, CREATED_BY, UPDATED_TIME, UPDATED_BY, IBK_FTP_FOLDER) values (( select max(id)+1 ID from TBL_BATCH_BILLER_PAYMENT_CONFIG),5020,'Standard_01','DCP_BPF_5020_MBSA_FROM','5020${yyyyMMdd}.txt','/reports/DEV/Financial/DMBUD999/daily_successful_bill','A',0, now(),'admin', now(),'admin','BPF_FROM/5020/');
insert into TBL_BATCH_BILLER_PAYMENT_CONFIG (ID, BILLER_CODE, TEMPLATE_NAME,FTP_FOLDER, FILE_NAME_FORMAT, REPORT_UNIT_URI,STATUS,IS_REQUIRED_TO_EXECUTE, CREATED_TIME, CREATED_BY, UPDATED_TIME, UPDATED_BY, IBK_FTP_FOLDER) values (( select max(id)+1 ID from TBL_BATCH_BILLER_PAYMENT_CONFIG),5174,'Standard_01','DCP_BPF_5174_MBPJ_FROM','5174${yyyyMMdd}.txt','/reports/DEV/Financial/DMBUD999/daily_successful_bill','A',0, now(),'admin', now(),'admin','BPF_FROM/5174/');
insert into TBL_BATCH_BILLER_PAYMENT_CONFIG (ID, BILLER_CODE, TEMPLATE_NAME,FTP_FOLDER, FILE_NAME_FORMAT, REPORT_UNIT_URI,STATUS,IS_REQUIRED_TO_EXECUTE, CREATED_TIME, CREATED_BY, UPDATED_TIME, UPDATED_BY, IBK_FTP_FOLDER) values (( select max(id)+1 ID from TBL_BATCH_BILLER_PAYMENT_CONFIG),5005,'Standard_01','DCP_BPF_5005_TGCC_FROM','5005${yyyyMMdd}.txt','/reports/DEV/Financial/DMBUD999/daily_successful_bill','A',0, now(),'admin', now(),'admin','BPF_FROM/5005/');
insert into TBL_BATCH_BILLER_PAYMENT_CONFIG (ID, BILLER_CODE, TEMPLATE_NAME,FTP_FOLDER, FILE_NAME_FORMAT, REPORT_UNIT_URI,STATUS,IS_REQUIRED_TO_EXECUTE, CREATED_TIME, CREATED_BY, UPDATED_TIME, UPDATED_BY, IBK_FTP_FOLDER) values (( select max(id)+1 ID from TBL_BATCH_BILLER_PAYMENT_CONFIG),5209,'Standard_01','DCP_BPF_5209_MAIAMT_FROM','5209${yyyyMMdd}.txt','/reports/DEV/Financial/DMBUD999/daily_successful_bill','A',0, now(),'admin', now(),'admin','BPF_FROM/5209/');
insert into TBL_BATCH_BILLER_PAYMENT_CONFIG (ID, BILLER_CODE, TEMPLATE_NAME,FTP_FOLDER, FILE_NAME_FORMAT, REPORT_UNIT_URI,STATUS,IS_REQUIRED_TO_EXECUTE, CREATED_TIME, CREATED_BY, UPDATED_TIME, UPDATED_BY, IBK_FTP_FOLDER) values (( select max(id)+1 ID from TBL_BATCH_BILLER_PAYMENT_CONFIG),6010,'Standard_01','DCP_BPF_6010_JANSABAH_FROM','6010${yyyyMMdd}.txt','/reports/DEV/Financial/DMBUD999/daily_successful_bill','A',0, now(),'admin', now(),'admin','BPF_FROM/6010/');
insert into TBL_BATCH_BILLER_PAYMENT_CONFIG (ID, BILLER_CODE, TEMPLATE_NAME,FTP_FOLDER, FILE_NAME_FORMAT, REPORT_UNIT_URI,STATUS,IS_REQUIRED_TO_EXECUTE, CREATED_TIME, CREATED_BY, UPDATED_TIME, UPDATED_BY, IBK_FTP_FOLDER) values (( select max(id)+1 ID from TBL_BATCH_BILLER_PAYMENT_CONFIG),5313,'Standard_01','DCP_BPF_5313_KPM_FROM','5313${yyyyMMdd}.txt','/reports/DEV/Financial/DMBUD999/daily_successful_bill','A',0, now(),'admin', now(),'admin','BPF_FROM/5313/');
insert into TBL_BATCH_BILLER_PAYMENT_CONFIG (ID, BILLER_CODE, TEMPLATE_NAME,FTP_FOLDER, FILE_NAME_FORMAT, REPORT_UNIT_URI,STATUS,IS_REQUIRED_TO_EXECUTE, CREATED_TIME, CREATED_BY, UPDATED_TIME, UPDATED_BY, IBK_FTP_FOLDER) values (( select max(id)+1 ID from TBL_BATCH_BILLER_PAYMENT_CONFIG),5047,'Standard_01','DCP_BPF_5047_MPSJ_FROM','5047${yyyyMMdd}.txt','/reports/DEV/Financial/DMBUD999/daily_successful_bill','A',0, now(),'admin', now(),'admin','BPF_FROM/5047/');
insert into TBL_BATCH_BILLER_PAYMENT_CONFIG (ID, BILLER_CODE, TEMPLATE_NAME,FTP_FOLDER, FILE_NAME_FORMAT, REPORT_UNIT_URI,STATUS,IS_REQUIRED_TO_EXECUTE, CREATED_TIME, CREATED_BY, UPDATED_TIME, UPDATED_BY, IBK_FTP_FOLDER) values (( select max(id)+1 ID from TBL_BATCH_BILLER_PAYMENT_CONFIG),5218,'Standard_01','DCP_BPF_5218_YAYASARAWAK_FROM','5218${yyyyMMdd}.txt','/reports/DEV/Financial/DMBUD999/daily_successful_bill','A',0, now(),'admin', now(),'admin','BPF_FROM/5218/');
insert into TBL_BATCH_BILLER_PAYMENT_CONFIG (ID, BILLER_CODE, TEMPLATE_NAME,FTP_FOLDER, FILE_NAME_FORMAT, REPORT_UNIT_URI,STATUS,IS_REQUIRED_TO_EXECUTE, CREATED_TIME, CREATED_BY, UPDATED_TIME, UPDATED_BY, IBK_FTP_FOLDER) values (( select max(id)+1 ID from TBL_BATCH_BILLER_PAYMENT_CONFIG),5247,'Standard_01','DCP_BPF_5247_KLGCC_FROM','5247${yyyyMMdd}.txt','/reports/DEV/Financial/DMBUD999/daily_successful_bill','A',0, now(),'admin', now(),'admin','BPF_FROM/5247/');
insert into TBL_BATCH_BILLER_PAYMENT_CONFIG (ID, BILLER_CODE, TEMPLATE_NAME,FTP_FOLDER, FILE_NAME_FORMAT, REPORT_UNIT_URI,STATUS,IS_REQUIRED_TO_EXECUTE, CREATED_TIME, CREATED_BY, UPDATED_TIME, UPDATED_BY, IBK_FTP_FOLDER) values (( select max(id)+1 ID from TBL_BATCH_BILLER_PAYMENT_CONFIG),5230,'Standard_01','DCP_BPF_5230_TokioMarBanc_FROM','5230${yyyyMMdd}.txt','/reports/DEV/Financial/DMBUD999/daily_successful_bill','A',0, now(),'admin', now(),'admin','BPF_FROM/5230/');
insert into TBL_BATCH_BILLER_PAYMENT_CONFIG (ID, BILLER_CODE, TEMPLATE_NAME,FTP_FOLDER, FILE_NAME_FORMAT, REPORT_UNIT_URI,STATUS,IS_REQUIRED_TO_EXECUTE, CREATED_TIME, CREATED_BY, UPDATED_TIME, UPDATED_BY, IBK_FTP_FOLDER) values (( select max(id)+1 ID from TBL_BATCH_BILLER_PAYMENT_CONFIG),5159,'Standard_01','DCP_BPF_5159_SINGER_FROM','5159${yyyyMMdd}.txt','/reports/DEV/Financial/DMBUD999/daily_successful_bill','A',0, now(),'admin', now(),'admin','BPF_FROM/5159/');
insert into TBL_BATCH_BILLER_PAYMENT_CONFIG (ID, BILLER_CODE, TEMPLATE_NAME,FTP_FOLDER, FILE_NAME_FORMAT, REPORT_UNIT_URI,STATUS,IS_REQUIRED_TO_EXECUTE, CREATED_TIME, CREATED_BY, UPDATED_TIME, UPDATED_BY, IBK_FTP_FOLDER) values (( select max(id)+1 ID from TBL_BATCH_BILLER_PAYMENT_CONFIG),5123,'Standard_01','DCP_BPF_5123_JabZakatNKed_FROM','5123${yyyyMMdd}.txt','/reports/DEV/Financial/DMBUD999/daily_successful_bill','A',0, now(),'admin', now(),'admin','BPF_FROM/5123/');
insert into TBL_BATCH_BILLER_PAYMENT_CONFIG (ID, BILLER_CODE, TEMPLATE_NAME,FTP_FOLDER, FILE_NAME_FORMAT, REPORT_UNIT_URI,STATUS,IS_REQUIRED_TO_EXECUTE, CREATED_TIME, CREATED_BY, UPDATED_TIME, UPDATED_BY, IBK_FTP_FOLDER) values (( select max(id)+1 ID from TBL_BATCH_BILLER_PAYMENT_CONFIG),5009,'Standard_01','DCP_BPF_5009_BKEqueClub_FROM','5009${yyyyMMdd}.txt','/reports/DEV/Financial/DMBUD999/daily_successful_bill','A',0, now(),'admin', now(),'admin','BPF_FROM/5009/');
insert into TBL_BATCH_BILLER_PAYMENT_CONFIG (ID, BILLER_CODE, TEMPLATE_NAME,FTP_FOLDER, FILE_NAME_FORMAT, REPORT_UNIT_URI,STATUS,IS_REQUIRED_TO_EXECUTE, CREATED_TIME, CREATED_BY, UPDATED_TIME, UPDATED_BY, IBK_FTP_FOLDER) values (( select max(id)+1 ID from TBL_BATCH_BILLER_PAYMENT_CONFIG),5016,'Standard_01','DCP_BPF_5016_RSGC_FROM','5016${yyyyMMdd}.txt','/reports/DEV/Financial/DMBUD999/daily_successful_bill','A',0, now(),'admin', now(),'admin','BPF_FROM/5016/');
insert into TBL_BATCH_BILLER_PAYMENT_CONFIG (ID, BILLER_CODE, TEMPLATE_NAME,FTP_FOLDER, FILE_NAME_FORMAT, REPORT_UNIT_URI,STATUS,IS_REQUIRED_TO_EXECUTE, CREATED_TIME, CREATED_BY, UPDATED_TIME, UPDATED_BY, IBK_FTP_FOLDER) values (( select max(id)+1 ID from TBL_BATCH_BILLER_PAYMENT_CONFIG),5096,'Standard_01','DCP_BPF_5096_MPK_FROM','5096${yyyyMMdd}.txt','/reports/DEV/Financial/DMBUD999/daily_successful_bill','A',0, now(),'admin', now(),'admin','BPF_FROM/5096/');
insert into TBL_BATCH_BILLER_PAYMENT_CONFIG (ID, BILLER_CODE, TEMPLATE_NAME,FTP_FOLDER, FILE_NAME_FORMAT, REPORT_UNIT_URI,STATUS,IS_REQUIRED_TO_EXECUTE, CREATED_TIME, CREATED_BY, UPDATED_TIME, UPDATED_BY, IBK_FTP_FOLDER) values (( select max(id)+1 ID from TBL_BATCH_BILLER_PAYMENT_CONFIG),5051,'Standard_01','DCP_BPF_5051_MBPP_FROM','5051${yyyyMMdd}.txt','/reports/DEV/Financial/DMBUD999/daily_successful_bill','A',0, now(),'admin', now(),'admin','BPF_FROM/5051/');
insert into TBL_BATCH_BILLER_PAYMENT_CONFIG (ID, BILLER_CODE, TEMPLATE_NAME,FTP_FOLDER, FILE_NAME_FORMAT, REPORT_UNIT_URI,STATUS,IS_REQUIRED_TO_EXECUTE, CREATED_TIME, CREATED_BY, UPDATED_TIME, UPDATED_BY, IBK_FTP_FOLDER) values (( select max(id)+1 ID from TBL_BATCH_BILLER_PAYMENT_CONFIG),5042,'Standard_01','DCP_BPF_5042_MPSeremban_FROM','5042${yyyyMMdd}.txt','/reports/DEV/Financial/DMBUD999/daily_successful_bill','A',0, now(),'admin', now(),'admin','BPF_FROM/5042/');
insert into TBL_BATCH_BILLER_PAYMENT_CONFIG (ID, BILLER_CODE, TEMPLATE_NAME,FTP_FOLDER, FILE_NAME_FORMAT, REPORT_UNIT_URI,STATUS,IS_REQUIRED_TO_EXECUTE, CREATED_TIME, CREATED_BY, UPDATED_TIME, UPDATED_BY, IBK_FTP_FOLDER) values (( select max(id)+1 ID from TBL_BATCH_BILLER_PAYMENT_CONFIG),5224,'Standard_01','DCP_BPF_5224_MPKJ_FROM','5224${yyyyMMdd}.txt','/reports/DEV/Financial/DMBUD999/daily_successful_bill','A',0, now(),'admin', now(),'admin','BPF_FROM/5224/');
insert into TBL_BATCH_BILLER_PAYMENT_CONFIG (ID, BILLER_CODE, TEMPLATE_NAME,FTP_FOLDER, FILE_NAME_FORMAT, REPORT_UNIT_URI,STATUS,IS_REQUIRED_TO_EXECUTE, CREATED_TIME, CREATED_BY, UPDATED_TIME, UPDATED_BY, IBK_FTP_FOLDER) values (( select max(id)+1 ID from TBL_BATCH_BILLER_PAYMENT_CONFIG),5127,'Standard_01','DCP_BPF_5127_MCIS_FROM','5127${yyyyMMdd}.txt','/reports/DEV/Financial/DMBUD999/daily_successful_bill','A',0, now(),'admin', now(),'admin','BPF_FROM/5127/');
insert into TBL_BATCH_BILLER_PAYMENT_CONFIG (ID, BILLER_CODE, TEMPLATE_NAME,FTP_FOLDER, FILE_NAME_FORMAT, REPORT_UNIT_URI,STATUS,IS_REQUIRED_TO_EXECUTE, CREATED_TIME, CREATED_BY, UPDATED_TIME, UPDATED_BY, IBK_FTP_FOLDER) values (( select max(id)+1 ID from TBL_BATCH_BILLER_PAYMENT_CONFIG),5079,'Standard_01','DCP_BPF_5079_MPNilai_FROM','5079${yyyyMMdd}.txt','/reports/DEV/Financial/DMBUD999/daily_successful_bill','A',0, now(),'admin', now(),'admin','BPF_FROM/5079/');
insert into TBL_BATCH_BILLER_PAYMENT_CONFIG (ID, BILLER_CODE, TEMPLATE_NAME,FTP_FOLDER, FILE_NAME_FORMAT, REPORT_UNIT_URI,STATUS,IS_REQUIRED_TO_EXECUTE, CREATED_TIME, CREATED_BY, UPDATED_TIME, UPDATED_BY, IBK_FTP_FOLDER) values (( select max(id)+1 ID from TBL_BATCH_BILLER_PAYMENT_CONFIG),5285,'Standard_01','DCP_BPF_5285_TaylorColSJ_FROM','5285${yyyyMMdd}.txt','/reports/DEV/Financial/DMBUD999/daily_successful_bill','A',0, now(),'admin', now(),'admin','BPF_FROM/5285/');
insert into TBL_BATCH_BILLER_PAYMENT_CONFIG (ID, BILLER_CODE, TEMPLATE_NAME,FTP_FOLDER, FILE_NAME_FORMAT, REPORT_UNIT_URI,STATUS,IS_REQUIRED_TO_EXECUTE, CREATED_TIME, CREATED_BY, UPDATED_TIME, UPDATED_BY, IBK_FTP_FOLDER) values (( select max(id)+1 ID from TBL_BATCH_BILLER_PAYMENT_CONFIG),5117,'Standard_01','DCP_BPF_5117_MajAIKelantan_FROM','5117${yyyyMMdd}.txt','/reports/DEV/Financial/DMBUD999/daily_successful_bill','A',0, now(),'admin', now(),'admin','BPF_FROM/5117/');
insert into TBL_BATCH_BILLER_PAYMENT_CONFIG (ID, BILLER_CODE, TEMPLATE_NAME,FTP_FOLDER, FILE_NAME_FORMAT, REPORT_UNIT_URI,STATUS,IS_REQUIRED_TO_EXECUTE, CREATED_TIME, CREATED_BY, UPDATED_TIME, UPDATED_BY, IBK_FTP_FOLDER) values (( select max(id)+1 ID from TBL_BATCH_BILLER_PAYMENT_CONFIG),5076,'Standard_01','DCP_BPF_5076_SAMB_FROM','5076${yyyyMMdd}.txt','/reports/DEV/Financial/DMBUD999/daily_successful_bill','A',0, now(),'admin', now(),'admin','BPF_FROM/5076/');
insert into TBL_BATCH_BILLER_PAYMENT_CONFIG (ID, BILLER_CODE, TEMPLATE_NAME,FTP_FOLDER, FILE_NAME_FORMAT, REPORT_UNIT_URI,STATUS,IS_REQUIRED_TO_EXECUTE, CREATED_TIME, CREATED_BY, UPDATED_TIME, UPDATED_BY, IBK_FTP_FOLDER) values (( select max(id)+1 ID from TBL_BATCH_BILLER_PAYMENT_CONFIG),5143,'Standard_01','DCP_BPF_5143_PZakPhg_FROM','5143${yyyyMMdd}.txt','/reports/DEV/Financial/DMBUD999/daily_successful_bill','A',0, now(),'admin', now(),'admin','BPF_FROM/5143/');
insert into TBL_BATCH_BILLER_PAYMENT_CONFIG (ID, BILLER_CODE, TEMPLATE_NAME,FTP_FOLDER, FILE_NAME_FORMAT, REPORT_UNIT_URI,STATUS,IS_REQUIRED_TO_EXECUTE, CREATED_TIME, CREATED_BY, UPDATED_TIME, UPDATED_BY, IBK_FTP_FOLDER) values (( select max(id)+1 ID from TBL_BATCH_BILLER_PAYMENT_CONFIG),5217,'Standard_01','DCP_BPF_5217_JABWPLabuan_FROM','5217${yyyyMMdd}.txt','/reports/DEV/Financial/DMBUD999/daily_successful_bill','A',0, now(),'admin', now(),'admin','BPF_FROM/5217/');

--vw_batch_tbl_biller
insert into vw_batch_tbl_biller (biller_code,biller_name,biller_collection_account_no) values (5014,'Zurich Insurance Malaysia Bhd',21412900305056);
insert into vw_batch_tbl_biller (biller_code,biller_name,biller_collection_account_no) values (5033,'Pusat Pungutan Zakat (MAIWP)',21412900305056);
insert into vw_batch_tbl_biller (biller_code,biller_name,biller_collection_account_no) values (5149,'Pejabat Tanah dan Galian Selangor',21412900305056);
insert into vw_batch_tbl_biller (biller_code,biller_name,biller_collection_account_no) values (5153,'Pusat Zakat Majlis Agama Islam Negeri Johor',21412900305056);
insert into vw_batch_tbl_biller (biller_code,biller_name,biller_collection_account_no) values (5242,'Pej. Peng. Tanah dan Galian WPKL',21412900305056);
insert into vw_batch_tbl_biller (biller_code,biller_name,biller_collection_account_no) values (5148,'Malaysia Institute of Accountants (MIA)',21412900305056);
insert into vw_batch_tbl_biller (biller_code,biller_name,biller_collection_account_no) values (5270,'Majlis Perbandaran Sepang',21412900305056);
insert into vw_batch_tbl_biller (biller_code,biller_name,biller_collection_account_no) values (5002,'Etiqa Insurance Berhad',21412900305056);
insert into vw_batch_tbl_biller (biller_code,biller_name,biller_collection_account_no) values (5030,'Majlis Perbandaran Selayang (MPS)',21412900305056);
insert into vw_batch_tbl_biller (biller_code,biller_name,biller_collection_account_no) values (5359,'TEKUN Loan Payment - Individual',21412900305056);
insert into vw_batch_tbl_biller (biller_code,biller_name,biller_collection_account_no) values (5176,'Takaful Ikhlas Sdn Bhd',21412900305056);
insert into vw_batch_tbl_biller (biller_code,biller_name,biller_collection_account_no) values (5020,'Majlis Bandaraya Shah Alam (MBSA)',21412900305056);
insert into vw_batch_tbl_biller (biller_code,biller_name,biller_collection_account_no) values (5174,'Majlis Bandaraya Petaling Jaya (MBPJ)',21412900305056);
insert into vw_batch_tbl_biller (biller_code,biller_name,biller_collection_account_no) values (5005,'Tropicana Gold and Country Club',21412900305056);
insert into vw_batch_tbl_biller (biller_code,biller_name,biller_collection_account_no) values (5209,'Majlis Agama Islam & Adat Melayu Terengganu',21412900305056);
insert into vw_batch_tbl_biller (biller_code,biller_name,biller_collection_account_no) values (6010,'Jab Air Negeri Sabah',21412900305056);
insert into vw_batch_tbl_biller (biller_code,biller_name,biller_collection_account_no) values (5313,'Kementerian Pendidikan Malaysia',21412900305056);
insert into vw_batch_tbl_biller (biller_code,biller_name,biller_collection_account_no) values (5047,'Majlis Perbandaran Subang Jaya (MPSJ)',21412900305056);
insert into vw_batch_tbl_biller (biller_code,biller_name,biller_collection_account_no) values (5218,'Yayasan Sarawak',21412900305056);
insert into vw_batch_tbl_biller (biller_code,biller_name,biller_collection_account_no) values (5247,'KL Gold & Country Club',21412900305056);
insert into vw_batch_tbl_biller (biller_code,biller_name,biller_collection_account_no) values (5230,'TokioMarineLife Bancassurance',21412900305056);
insert into vw_batch_tbl_biller (biller_code,biller_name,biller_collection_account_no) values (5159,'Singer (M) Sdn Bhd',21412900305056);
insert into vw_batch_tbl_biller (biller_code,biller_name,biller_collection_account_no) values (5123,'Jabatan Zakat Negeri Kedah',21412900305056);
insert into vw_batch_tbl_biller (biller_code,biller_name,biller_collection_account_no) values (5009,'Bukit Kiara Equestrian Club',21412900305056);
insert into vw_batch_tbl_biller (biller_code,biller_name,biller_collection_account_no) values (5016,'Royal Selangor Golf Club',21412900305056);
insert into vw_batch_tbl_biller (biller_code,biller_name,biller_collection_account_no) values (5096,'Majlis Perbandaran Klang (MPK)',21412900305056);
insert into vw_batch_tbl_biller (biller_code,biller_name,biller_collection_account_no) values (5051,'Majlis Bandaraya Pulau Pinang (MBPP)',21412900305056);
insert into vw_batch_tbl_biller (biller_code,biller_name,biller_collection_account_no) values (5042,'Majlis Perbandaran Seremban (MPS)',21412900305056);
insert into vw_batch_tbl_biller (biller_code,biller_name,biller_collection_account_no) values (5224,'Majlis Perbandaran Kajang (MPKJ)',21412900305056);
insert into vw_batch_tbl_biller (biller_code,biller_name,biller_collection_account_no) values (5127,'Sibu Water Board',21412900305056);
insert into vw_batch_tbl_biller (biller_code,biller_name,biller_collection_account_no) values (5079,'Majlis Perbandaran Nilai (MPN)',21412900305056);
insert into vw_batch_tbl_biller (biller_code,biller_name,biller_collection_account_no) values (5285,'Taylor''s College (Subang Jaya)',21412900305056);
insert into vw_batch_tbl_biller (biller_code,biller_name,biller_collection_account_no) values (5117,'Majlis Agama Islam Kelantan',21412900305056);
insert into vw_batch_tbl_biller (biller_code,biller_name,biller_collection_account_no) values (5076,'Syarikat Air Melaka Berhad (SAMB)',21412900305056);
insert into vw_batch_tbl_biller (biller_code,biller_name,biller_collection_account_no) values (5143,'Pusat Zakat Pahang',21412900305056);
insert into vw_batch_tbl_biller (biller_code,biller_name,biller_collection_account_no) values (5217,'Jab Bekalan Air WP Labuan',21412900305056);

--insert into vw_batch_biller_payment_txn 
insert into vw_batch_biller_payment_txn 
(biller_code,biller_account_no,biller_account_name,txn_id,txn_date,txn_amount,txn_type,txn_description,biller_ref_no1,biller_ref_no2,biller_ref_no3,txn_time)
values
(5014,21412900305056,'Zurich Insurance Malaysia Bhd',20180509111213,20180917,200.00,'CR','Zurich','111111111','0125289475','Zurich Test','101010');
insert into vw_batch_biller_payment_txn 
(biller_code,biller_account_no,biller_account_name,txn_id,txn_date,txn_amount,txn_type,txn_description,biller_ref_no1,biller_ref_no2,biller_ref_no3,txn_time)
values
(5033,21412900305056,'Pusat Pungutan Zakat (MAIWP)',20180509111213,20180917,211.00,'CR','MAIWP','222222222','0125289475','MAIWP Test','101010');
insert into vw_batch_biller_payment_txn 
(biller_code,biller_account_no,biller_account_name,txn_id,txn_date,txn_amount,txn_type,txn_description,biller_ref_no1,biller_ref_no2,biller_ref_no3,txn_time)
values
(5149,21412900305056,'Pejabat Tanah dan Galian Selangor',20180509111213,20180917,212.00,'CR','Pejabat','333333333','0125289475','Pejabat Tanah Test','101010');
insert into vw_batch_biller_payment_txn 
(biller_code,biller_account_no,biller_account_name,txn_id,txn_date,txn_amount,txn_type,txn_description,biller_ref_no1,biller_ref_no2,biller_ref_no3,txn_time)
values
(5153,21412900305056,'Pusat Zakat Majlis Agama Islam Negeri Johor',20180509111213,20180917,213.00,'CR','Zakat','444444444','0125289475','Pejabat Zakat Test','101010');
insert into vw_batch_biller_payment_txn 
(biller_code,biller_account_no,biller_account_name,txn_id,txn_date,txn_amount,txn_type,txn_description,biller_ref_no1,biller_ref_no2,biller_ref_no3,txn_time)
values
(5242,21412900305056,'Pej. Peng. Tanah dan Galian WPKL',20180509111213,20180917,214.00,'CR','WPKL','555555555','0125289475','WPKL Test','101010');
insert into vw_batch_biller_payment_txn 
(biller_code,biller_account_no,biller_account_name,txn_id,txn_date,txn_amount,txn_type,txn_description,biller_ref_no1,biller_ref_no2,biller_ref_no3,txn_time)
values
(5148,21412900305056,'Malaysia Institute of Accountants (MIA)',20180509111213,20180917,215.00,'CR','MIA','666666666','0125289475','MIA Test','101010');
insert into vw_batch_biller_payment_txn 
(biller_code,biller_account_no,biller_account_name,txn_id,txn_date,txn_amount,txn_type,txn_description,biller_ref_no1,biller_ref_no2,biller_ref_no3,txn_time)
values
(5270,21412900305056,'Majlis Perbandaran Sepang',20180509111213,20180917,215.00,'CR','Sepang','666666666','0125289475','MP Sepang Test','101010');
insert into vw_batch_biller_payment_txn 
(biller_code,biller_account_no,biller_account_name,txn_id,txn_date,txn_amount,txn_type,txn_description,biller_ref_no1,biller_ref_no2,biller_ref_no3,txn_time)
values
(5002,21412900305056,'Etiqa Insurance Berhad',20180509111213,20180917,216.00,'CR','Etiqua','777777777','0125289475','Etiqua Test','101010');
insert into vw_batch_biller_payment_txn 
(biller_code,biller_account_no,biller_account_name,txn_id,txn_date,txn_amount,txn_type,txn_description,biller_ref_no1,biller_ref_no2,biller_ref_no3,txn_time)
values
(5030,21412900305056,'Majlis Perbandaran Selayang (MPS)',20180509111213,20180917,217.00,'CR','MPS','88888888','0125289475','MPS Test','101010');
insert into vw_batch_biller_payment_txn 
(biller_code,biller_account_no,biller_account_name,txn_id,txn_date,txn_amount,txn_type,txn_description,biller_ref_no1,biller_ref_no2,biller_ref_no3,txn_time)
values
(5359,21412900305056,'TEKUN Loan Payment - Individual',20180509111213,20180917,218.00,'CR','TEKUN','999999999','0125289475','TEKUN Test','101010');
insert into vw_batch_biller_payment_txn 
(biller_code,biller_account_no,biller_account_name,txn_id,txn_date,txn_amount,txn_type,txn_description,biller_ref_no1,biller_ref_no2,biller_ref_no3,txn_time)
values
(5176,21412900305056,'Takaful Ikhlas Sdn Bhd',20180509111213,20180917,219.00,'CR','TAKAFUL','10101010','0125289475','TAKAFUL Test','101010');
insert into vw_batch_biller_payment_txn 
(biller_code,biller_account_no,biller_account_name,txn_id,txn_date,txn_amount,txn_type,txn_description,biller_ref_no1,biller_ref_no2,biller_ref_no3,txn_time)
values
(5020,21412900305056,'Majlis Bandaraya Shah Alam (MBSA)',20180509111213,20180917,220.00,'CR','MBSA','121212121','0125289475','MBSA Test','101010');
insert into vw_batch_biller_payment_txn 
(biller_code,biller_account_no,biller_account_name,txn_id,txn_date,txn_amount,txn_type,txn_description,biller_ref_no1,biller_ref_no2,biller_ref_no3,txn_time)
values
(5174,21412900305056,'Majlis Bandaraya Petaling Jaya (MBPJ)',20180509111213,20180917,220.00,'CR','MBPJ','13131313','0125289475','MBPJ Test','101010');
insert into vw_batch_biller_payment_txn 
(biller_code,biller_account_no,biller_account_name,txn_id,txn_date,txn_amount,txn_type,txn_description,biller_ref_no1,biller_ref_no2,biller_ref_no3,txn_time)
values
(5005,21412900305056,'Tropicana Gold and Country Club',20180509111213,20180917,220.00,'CR','Tropicana','14141414','0125289475','Tropicana Test','101010');
insert into vw_batch_biller_payment_txn 
(biller_code,biller_account_no,biller_account_name,txn_id,txn_date,txn_amount,txn_type,txn_description,biller_ref_no1,biller_ref_no2,biller_ref_no3,txn_time)
values
(5209,21412900305056,'Majlis Agama Islam & Adat Melayu Terengganu',20180509111213,20180917,220.00,'CR','Terengganu','14141414','0125289475','Terengganu Test','101010');
insert into vw_batch_biller_payment_txn 
(biller_code,biller_account_no,biller_account_name,txn_id,txn_date,txn_amount,txn_type,txn_description,biller_ref_no1,biller_ref_no2,biller_ref_no3,txn_time)
values
(6010,21412900305056,'Jab Air Negeri Sabah',20180509111213,20180917,220.00,'CR','Sabah','15151515','0125289475','Jab Air Test','101010');
insert into vw_batch_biller_payment_txn 
(biller_code,biller_account_no,biller_account_name,txn_id,txn_date,txn_amount,txn_type,txn_description,biller_ref_no1,biller_ref_no2,biller_ref_no3,txn_time)
values
(5313,21412900305056,'Kementerian Pendidikan Malaysia',20180509111213,20180917,220.00,'CR','Kementerian','15151515','0125289475','Kementerian Test','101010');
insert into vw_batch_biller_payment_txn 
(biller_code,biller_account_no,biller_account_name,txn_id,txn_date,txn_amount,txn_type,txn_description,biller_ref_no1,biller_ref_no2,biller_ref_no3,txn_time)
values
(5047,21412900305056,'Majlis Perbandaran Subang Jaya (MPSJ)',20180509111213,20180917,220.00,'CR','MPSJ','15151515','0125289475','MPSJ Test','101010');
insert into vw_batch_biller_payment_txn 
(biller_code,biller_account_no,biller_account_name,txn_id,txn_date,txn_amount,txn_type,txn_description,biller_ref_no1,biller_ref_no2,biller_ref_no3,txn_time)
values
(5218,21412900305056,'Yayasan Sarawak',20180509111213,20180917,220.00,'CR','Sarawak','15151515','0125289475','Sarawak Test','101010');
insert into vw_batch_biller_payment_txn 
(biller_code,biller_account_no,biller_account_name,txn_id,txn_date,txn_amount,txn_type,txn_description,biller_ref_no1,biller_ref_no2,biller_ref_no3,txn_time)
values
(5247,21412900305056,'KL Gold & Country Club',20180509111213,20180917,220.00,'CR','KL','15151515','0125289475','KL Golf Test','101010');
insert into vw_batch_biller_payment_txn 
(biller_code,biller_account_no,biller_account_name,txn_id,txn_date,txn_amount,txn_type,txn_description,biller_ref_no1,biller_ref_no2,biller_ref_no3,txn_time)
values
(5230,21412900305056,'TokioMarineLife Bancassurance',20180509111213,20180917,220.00,'CR','Tokio','15151515','0125289475','Tokio Marine Test','101010');
insert into vw_batch_biller_payment_txn 
(biller_code,biller_account_no,biller_account_name,txn_id,txn_date,txn_amount,txn_type,txn_description,biller_ref_no1,biller_ref_no2,biller_ref_no3,txn_time)
values
(5159,21412900305056,'Singer (M) Sdn Bhd',20180509111213,20180917,220.00,'CR','Singer','15151515','0125289475','Singer Test','101010');
insert into vw_batch_biller_payment_txn 
(biller_code,biller_account_no,biller_account_name,txn_id,txn_date,txn_amount,txn_type,txn_description,biller_ref_no1,biller_ref_no2,biller_ref_no3,txn_time)
values
(5123,21412900305056,'Jabatan Zakat Negeri Kedah',20180509111213,20180917,220.00,'CR','Kedah','15151515','0125289475','Kedah Test','101010');
insert into vw_batch_biller_payment_txn 
(biller_code,biller_account_no,biller_account_name,txn_id,txn_date,txn_amount,txn_type,txn_description,biller_ref_no1,biller_ref_no2,biller_ref_no3,txn_time)
values
(5009,21412900305056,'Bukit Kiara Equestrian Club',20180509111213,20180917,220.00,'CR','Equestrian','15151515','0125289475','Equestrian Test','101010');
insert into vw_batch_biller_payment_txn 
(biller_code,biller_account_no,biller_account_name,txn_id,txn_date,txn_amount,txn_type,txn_description,biller_ref_no1,biller_ref_no2,biller_ref_no3,txn_time)
values
(5016,21412900305056,'Royal Selangor Golf Club',20180509111213,20180917,220.00,'CR','Selangor','15151515','0125289475','Selangor Test','101010');
insert into vw_batch_biller_payment_txn 
(biller_code,biller_account_no,biller_account_name,txn_id,txn_date,txn_amount,txn_type,txn_description,biller_ref_no1,biller_ref_no2,biller_ref_no3,txn_time)
values
(5096,21412900305056,'Majlis Perbandaran Klang (MPK)',20180509111213,20180917,220.00,'CR','MPK','15151515','0125289475','MPK Test','101010');
insert into vw_batch_biller_payment_txn 
(biller_code,biller_account_no,biller_account_name,txn_id,txn_date,txn_amount,txn_type,txn_description,biller_ref_no1,biller_ref_no2,biller_ref_no3,txn_time)
values
(5051,21412900305056,'Majlis Bandaraya Pulau Pinang (MBPP)',20180509111213,20180917,220.00,'CR','MBPP','15151515','0125289475','MBPP Test','101010');
insert into vw_batch_biller_payment_txn 
(biller_code,biller_account_no,biller_account_name,txn_id,txn_date,txn_amount,txn_type,txn_description,biller_ref_no1,biller_ref_no2,biller_ref_no3,txn_time)
values
(5042,21412900305056,'Majlis Perbandaran Seremban (MPS)',20180509111213,20180917,220.00,'CR','MPS','15151515','0125289475','MPS Test','101010');
insert into vw_batch_biller_payment_txn 
(biller_code,biller_account_no,biller_account_name,txn_id,txn_date,txn_amount,txn_type,txn_description,biller_ref_no1,biller_ref_no2,biller_ref_no3,txn_time)
values
(5224,21412900305056,'Majlis Perbandaran Kajang (MPKJ)',20180509111213,20180917,220.00,'CR','MPKJ','15151515','0125289475','MPKJ Test','101010');
insert into vw_batch_biller_payment_txn 
(biller_code,biller_account_no,biller_account_name,txn_id,txn_date,txn_amount,txn_type,txn_description,biller_ref_no1,biller_ref_no2,biller_ref_no3,txn_time)
values
(5127,21412900305056,'Sibu Water Board',20180509111213,20180917,220.00,'CR','Sibu','15151515','0125289475','Sibu Test','101010');
insert into vw_batch_biller_payment_txn 
(biller_code,biller_account_no,biller_account_name,txn_id,txn_date,txn_amount,txn_type,txn_description,biller_ref_no1,biller_ref_no2,biller_ref_no3,txn_time)
values
(5079,21412900305056,'Majlis Perbandaran Nilai (MPN)',20180509111213,20180917,220.00,'CR','MPN','15151515','0125289475','MPN Test','101010');
insert into vw_batch_biller_payment_txn 
(biller_code,biller_account_no,biller_account_name,txn_id,txn_date,txn_amount,txn_type,txn_description,biller_ref_no1,biller_ref_no2,biller_ref_no3,txn_time)
values
(5285,21412900305056,'Taylor''s College (Subang Jaya)',20180509111213,20180917,220.00,'CR','Taylor','15151515','0125289475','Taylor Test','101010');
insert into vw_batch_biller_payment_txn 
(biller_code,biller_account_no,biller_account_name,txn_id,txn_date,txn_amount,txn_type,txn_description,biller_ref_no1,biller_ref_no2,biller_ref_no3,txn_time)
values
(5117,21412900305056,'Majlis Agama Islam Kelantan',20180509111213,20180917,220.00,'CR','Kelantan','15151515','0125289475','Kelantan Test','101010'); 
insert into vw_batch_biller_payment_txn 
(biller_code,biller_account_no,biller_account_name,txn_id,txn_date,txn_amount,txn_type,txn_description,biller_ref_no1,biller_ref_no2,biller_ref_no3,txn_time)
values
(5076,21412900305056,'Syarikat Air Melaka Berhad (SAMB)',20180509111213,20180917,220.00,'CR','SAMB','15151515','0125289475','SAMB Test','101010'); 
insert into vw_batch_biller_payment_txn 
(biller_code,biller_account_no,biller_account_name,txn_id,txn_date,txn_amount,txn_type,txn_description,biller_ref_no1,biller_ref_no2,biller_ref_no3,txn_time)
values
(5143,21412900305056,'Pusat Zakat Pahang',20180509111213,20180917,220.00,'CR','Pahang','15151515','0125289475','Pahang Test','101010'); 
insert into vw_batch_biller_payment_txn 
(biller_code,biller_account_no,biller_account_name,txn_id,txn_date,txn_amount,txn_type,txn_description,biller_ref_no1,biller_ref_no2,biller_ref_no3,txn_time)
values
(5217,21412900305056,'Jab Bekalan Air WP Labuan',20180509111213,20180917,220.00,'CR','Labuan','15151515','0125289475','Labuan Test','101010'); 